<?xml version="1.0" encoding="UTF-8"?>
<GlobalOptions Version="4" AppVersion="4.7" Type="TGlobalOptions">
	<ViewMode>
		<Column>
			<fmtid>{DE632DE0-4253-4BAB-85C4-CA3BE18AA0F6}</fmtid>
			<pid>2</pid>
		</Column>
	</ViewMode>
	<SortBy>
		<Column>
			<fmtid>{DE632DE0-4253-4BAB-85C4-CA3BE18AA0F6}</fmtid>
			<pid>3</pid>
		</Column>
	</SortBy>
	<LastUsedFileOperationOptions>
		<Destination></Destination>
		<DestinationRoot></DestinationRoot>
		<OperationType>0</OperationType>
		<Flags>0</Flags>
		<CollisionBehavior>0</CollisionBehavior>
		<PreserveDirLevel>0</PreserveDirLevel>
		<CreateLogFile>False</CreateLogFile>
		<CreateUndoScript>False</CreateUndoScript>
		<LogFileName></LogFileName>
		<UndoScriptName></UndoScriptName>
		<OriginalDestination></OriginalDestination>
	</LastUsedFileOperationOptions>
	<CheckForUpdateOptions Type="TCheckForUpdateOptions">
		<LatestOnlineVersion>-1</LatestOnlineVersion>
		<LastAutomaticCheckForUpdate>45173.3928737268</LastAutomaticCheckForUpdate>
		<CheckForUpdatesAutomatically>True</CheckForUpdatesAutomatically>
	</CheckForUpdateOptions>
	<ContextMenuEntries>1</ContextMenuEntries>
	<ChartTreemap3D>False</ChartTreemap3D>
	<ChartShowFreeSpace>True</ChartShowFreeSpace>
	<TreeMap2DMinimumSize>20</TreeMap2DMinimumSize>
	<TreeMapAdditionalOptions>4586</TreeMapAdditionalOptions>
	<TreeMapCellPadding>3</TreeMapCellPadding>
	<TreeMapBorderWidth>1</TreeMapBorderWidth>
	<ChartTypeOnChartPageID>{5150E69B-0BFC-4B40-ACBA-08C1067CF840}</ChartTypeOnChartPageID>
	<Columns Type="TColumns">
		<Item>
			<Alignment>0</Alignment>
			<Media Type="TColumnInfoCollection">
				<Item>
					<Visible>True</Visible>
					<Width>363</Width>
					<Order>0</Order>
					<Fixed>True</Fixed>
				</Item>
				<Item>
					<Visible>False</Visible>
					<Width>300</Width>
					<Order>0</Order>
					<Fixed>False</Fixed>
				</Item>
				<Item>
					<Visible>False</Visible>
					<Width>37</Width>
					<Order>0</Order>
					<Fixed>False</Fixed>
				</Item>
				<Item>
					<Visible>True</Visible>
					<Width>300</Width>
					<Order>0</Order>
					<Fixed>False</Fixed>
				</Item>
				<Item>
					<Visible>True</Visible>
					<Width>300</Width>
					<Order>0</Order>
					<Fixed>False</Fixed>
				</Item>
				<Item>
					<Visible>False</Visible>
					<Width>37</Width>
					<Order>0</Order>
					<Fixed>False</Fixed>
				</Item>
				<Item>
					<Visible>True</Visible>
					<Width>300</Width>
					<Order>0</Order>
					<Fixed>False</Fixed>
				</Item>
				<Item>
					<Visible>True</Visible>
					<Width>300</Width>
					<Order>0</Order>
					<Fixed>False</Fixed>
				</Item>
				<Item>
					<Visible>True</Visible>
					<Width>480</Width>
					<Order>0</Order>
					<Fixed>False</Fixed>
				</Item>
				<Item>
					<Visible>True</Visible>
					<Width>300</Width>
					<Order>0</Order>
					<Fixed>False</Fixed>
				</Item>
			</Media>
			<MetaData>
				<Column>
					<fmtid>{DE632DE0-4253-4BAB-85C4-CA3BE18AA0F6}</fmtid>
					<pid>0</pid>
				</Column>
			</MetaData>
			<SanitizeWhenHidden>False</SanitizeWhenHidden>
		</Item>
		<Item>
			<Alignment>0</Alignment>
			<Media Type="TColumnInfoCollection">
				<Item>
					<Visible>False</Visible>
					<Width>477</Width>
					<Order>1</Order>
					<Fixed>False</Fixed>
				</Item>
				<Item>
					<Visible>True</Visible>
					<Width>280</Width>
					<Order>1</Order>
					<Fixed>False</Fixed>
				</Item>
				<Item>
					<Visible>True</Visible>
					<Width>35</Width>
					<Order>1</Order>
					<Fixed>False</Fixed>
				</Item>
				<Item>
					<Visible>False</Visible>
					<Width>280</Width>
					<Order>1</Order>
					<Fixed>False</Fixed>
				</Item>
				<Item>
					<Visible>False</Visible>
					<Width>280</Width>
					<Order>1</Order>
					<Fixed>False</Fixed>
				</Item>
				<Item>
					<Visible>True</Visible>
					<Width>35</Width>
					<Order>1</Order>
					<Fixed>False</Fixed>
				</Item>
				<Item>
					<Visible>True</Visible>
					<Width>280</Width>
					<Order>1</Order>
					<Fixed>False</Fixed>
				</Item>
				<Item>
					<Visible>True</Visible>
					<Width>280</Width>
					<Order>1</Order>
					<Fixed>False</Fixed>
				</Item>
				<Item>
					<Visible>False</Visible>
					<Width>448</Width>
					<Order>1</Order>
					<Fixed>False</Fixed>
				</Item>
				<Item>
					<Visible>False</Visible>
					<Width>280</Width>
					<Order>1</Order>
					<Fixed>False</Fixed>
				</Item>
			</Media>
			<MetaData>
				<Column>
					<fmtid>{DE632DE0-4253-4BAB-85C4-CA3BE18AA0F6}</fmtid>
					<pid>1</pid>
				</Column>
			</MetaData>
			<SanitizeWhenHidden>False</SanitizeWhenHidden>
		</Item>
		<Item>
			<Alignment>1</Alignment>
			<Media Type="TColumnInfoCollection">
				<Item>
					<Visible>True</Visible>
					<Width>85</Width>
					<Order>2</Order>
					<Fixed>False</Fixed>
				</Item>
				<Item>
					<Visible>True</Visible>
					<Width>85</Width>
					<Order>2</Order>
					<Fixed>False</Fixed>
				</Item>
				<Item>
					<Visible>True</Visible>
					<Width>10</Width>
					<Order>2</Order>
					<Fixed>False</Fixed>
				</Item>
				<Item>
					<Visible>True</Visible>
					<Width>85</Width>
					<Order>2</Order>
					<Fixed>False</Fixed>
				</Item>
				<Item>
					<Visible>True</Visible>
					<Width>85</Width>
					<Order>2</Order>
					<Fixed>False</Fixed>
				</Item>
				<Item>
					<Visible>True</Visible>
					<Width>10</Width>
					<Order>2</Order>
					<Fixed>False</Fixed>
				</Item>
				<Item>
					<Visible>True</Visible>
					<Width>85</Width>
					<Order>2</Order>
					<Fixed>False</Fixed>
				</Item>
				<Item>
					<Visible>True</Visible>
					<Width>85</Width>
					<Order>2</Order>
					<Fixed>False</Fixed>
				</Item>
				<Item>
					<Visible>True</Visible>
					<Width>136</Width>
					<Order>2</Order>
					<Fixed>False</Fixed>
				</Item>
				<Item>
					<Visible>True</Visible>
					<Width>85</Width>
					<Order>2</Order>
					<Fixed>False</Fixed>
				</Item>
			</Media>
			<MetaData>
				<Column>
					<fmtid>{DE632DE0-4253-4BAB-85C4-CA3BE18AA0F6}</fmtid>
					<pid>2</pid>
				</Column>
			</MetaData>
			<SanitizeWhenHidden>False</SanitizeWhenHidden>
		</Item>
		<Item>
			<Alignment>1</Alignment>
			<Media Type="TColumnInfoCollection">
				<Item>
					<Visible>True</Visible>
					<Width>85</Width>
					<Order>3</Order>
					<Fixed>False</Fixed>
				</Item>
				<Item>
					<Visible>True</Visible>
					<Width>85</Width>
					<Order>3</Order>
					<Fixed>False</Fixed>
				</Item>
				<Item>
					<Visible>True</Visible>
					<Width>10</Width>
					<Order>3</Order>
					<Fixed>False</Fixed>
				</Item>
				<Item>
					<Visible>True</Visible>
					<Width>85</Width>
					<Order>3</Order>
					<Fixed>False</Fixed>
				</Item>
				<Item>
					<Visible>True</Visible>
					<Width>85</Width>
					<Order>3</Order>
					<Fixed>False</Fixed>
				</Item>
				<Item>
					<Visible>True</Visible>
					<Width>10</Width>
					<Order>3</Order>
					<Fixed>False</Fixed>
				</Item>
				<Item>
					<Visible>True</Visible>
					<Width>85</Width>
					<Order>3</Order>
					<Fixed>False</Fixed>
				</Item>
				<Item>
					<Visible>True</Visible>
					<Width>85</Width>
					<Order>3</Order>
					<Fixed>False</Fixed>
				</Item>
				<Item>
					<Visible>True</Visible>
					<Width>136</Width>
					<Order>3</Order>
					<Fixed>False</Fixed>
				</Item>
				<Item>
					<Visible>True</Visible>
					<Width>85</Width>
					<Order>3</Order>
					<Fixed>False</Fixed>
				</Item>
			</Media>
			<MetaData>
				<Column>
					<fmtid>{DE632DE0-4253-4BAB-85C4-CA3BE18AA0F6}</fmtid>
					<pid>3</pid>
				</Column>
			</MetaData>
			<SanitizeWhenHidden>False</SanitizeWhenHidden>
		</Item>
		<Item>
			<Alignment>1</Alignment>
			<Media Type="TColumnInfoCollection">
				<Item>
					<Visible>True</Visible>
					<Width>55</Width>
					<Order>4</Order>
					<Fixed>False</Fixed>
				</Item>
				<Item>
					<Visible>True</Visible>
					<Width>55</Width>
					<Order>4</Order>
					<Fixed>False</Fixed>
				</Item>
				<Item>
					<Visible>True</Visible>
					<Width>6</Width>
					<Order>4</Order>
					<Fixed>False</Fixed>
				</Item>
				<Item>
					<Visible>True</Visible>
					<Width>55</Width>
					<Order>4</Order>
					<Fixed>False</Fixed>
				</Item>
				<Item>
					<Visible>True</Visible>
					<Width>55</Width>
					<Order>4</Order>
					<Fixed>False</Fixed>
				</Item>
				<Item>
					<Visible>True</Visible>
					<Width>6</Width>
					<Order>4</Order>
					<Fixed>False</Fixed>
				</Item>
				<Item>
					<Visible>True</Visible>
					<Width>55</Width>
					<Order>4</Order>
					<Fixed>False</Fixed>
				</Item>
				<Item>
					<Visible>True</Visible>
					<Width>55</Width>
					<Order>4</Order>
					<Fixed>False</Fixed>
				</Item>
				<Item>
					<Visible>True</Visible>
					<Width>88</Width>
					<Order>4</Order>
					<Fixed>False</Fixed>
				</Item>
				<Item>
					<Visible>True</Visible>
					<Width>55</Width>
					<Order>4</Order>
					<Fixed>False</Fixed>
				</Item>
			</Media>
			<MetaData>
				<Column>
					<fmtid>{DE632DE0-4253-4BAB-85C4-CA3BE18AA0F6}</fmtid>
					<pid>7</pid>
				</Column>
			</MetaData>
			<SanitizeWhenHidden>False</SanitizeWhenHidden>
		</Item>
		<Item>
			<Alignment>1</Alignment>
			<Media Type="TColumnInfoCollection">
				<Item>
					<Visible>True</Visible>
					<Width>55</Width>
					<Order>5</Order>
					<Fixed>False</Fixed>
				</Item>
				<Item>
					<Visible>True</Visible>
					<Width>55</Width>
					<Order>5</Order>
					<Fixed>False</Fixed>
				</Item>
				<Item>
					<Visible>True</Visible>
					<Width>6</Width>
					<Order>5</Order>
					<Fixed>False</Fixed>
				</Item>
				<Item>
					<Visible>True</Visible>
					<Width>55</Width>
					<Order>5</Order>
					<Fixed>False</Fixed>
				</Item>
				<Item>
					<Visible>True</Visible>
					<Width>55</Width>
					<Order>5</Order>
					<Fixed>False</Fixed>
				</Item>
				<Item>
					<Visible>True</Visible>
					<Width>6</Width>
					<Order>5</Order>
					<Fixed>False</Fixed>
				</Item>
				<Item>
					<Visible>True</Visible>
					<Width>55</Width>
					<Order>5</Order>
					<Fixed>False</Fixed>
				</Item>
				<Item>
					<Visible>True</Visible>
					<Width>55</Width>
					<Order>5</Order>
					<Fixed>False</Fixed>
				</Item>
				<Item>
					<Visible>True</Visible>
					<Width>88</Width>
					<Order>5</Order>
					<Fixed>False</Fixed>
				</Item>
				<Item>
					<Visible>True</Visible>
					<Width>55</Width>
					<Order>5</Order>
					<Fixed>False</Fixed>
				</Item>
			</Media>
			<MetaData>
				<Column>
					<fmtid>{DE632DE0-4253-4BAB-85C4-CA3BE18AA0F6}</fmtid>
					<pid>8</pid>
				</Column>
			</MetaData>
			<SanitizeWhenHidden>False</SanitizeWhenHidden>
		</Item>
		<Item>
			<Alignment>2</Alignment>
			<Media Type="TColumnInfoCollection">
				<Item>
					<Visible>True</Visible>
					<Width>85</Width>
					<Order>6</Order>
					<Fixed>False</Fixed>
				</Item>
				<Item>
					<Visible>True</Visible>
					<Width>85</Width>
					<Order>6</Order>
					<Fixed>False</Fixed>
				</Item>
				<Item>
					<Visible>True</Visible>
					<Width>10</Width>
					<Order>6</Order>
					<Fixed>False</Fixed>
				</Item>
				<Item>
					<Visible>True</Visible>
					<Width>85</Width>
					<Order>6</Order>
					<Fixed>False</Fixed>
				</Item>
				<Item>
					<Visible>True</Visible>
					<Width>85</Width>
					<Order>6</Order>
					<Fixed>False</Fixed>
				</Item>
				<Item>
					<Visible>True</Visible>
					<Width>10</Width>
					<Order>6</Order>
					<Fixed>False</Fixed>
				</Item>
				<Item>
					<Visible>False</Visible>
					<Width>85</Width>
					<Order>6</Order>
					<Fixed>False</Fixed>
				</Item>
				<Item>
					<Visible>True</Visible>
					<Width>85</Width>
					<Order>6</Order>
					<Fixed>False</Fixed>
				</Item>
				<Item>
					<Visible>True</Visible>
					<Width>136</Width>
					<Order>6</Order>
					<Fixed>False</Fixed>
				</Item>
				<Item>
					<Visible>True</Visible>
					<Width>85</Width>
					<Order>6</Order>
					<Fixed>False</Fixed>
				</Item>
			</Media>
			<MetaData>
				<Column>
					<fmtid>{DE632DE0-4253-4BAB-85C4-CA3BE18AA0F6}</fmtid>
					<pid>4</pid>
				</Column>
			</MetaData>
			<SanitizeWhenHidden>False</SanitizeWhenHidden>
		</Item>
		<Item>
			<Alignment>0</Alignment>
			<Media Type="TColumnInfoCollection">
				<Item>
					<Visible>True</Visible>
					<Width>100</Width>
					<Order>7</Order>
					<Fixed>False</Fixed>
				</Item>
				<Item>
					<Visible>True</Visible>
					<Width>100</Width>
					<Order>7</Order>
					<Fixed>False</Fixed>
				</Item>
				<Item>
					<Visible>True</Visible>
					<Width>12</Width>
					<Order>7</Order>
					<Fixed>False</Fixed>
				</Item>
				<Item>
					<Visible>True</Visible>
					<Width>100</Width>
					<Order>7</Order>
					<Fixed>False</Fixed>
				</Item>
				<Item>
					<Visible>True</Visible>
					<Width>100</Width>
					<Order>7</Order>
					<Fixed>False</Fixed>
				</Item>
				<Item>
					<Visible>True</Visible>
					<Width>12</Width>
					<Order>7</Order>
					<Fixed>False</Fixed>
				</Item>
				<Item>
					<Visible>True</Visible>
					<Width>100</Width>
					<Order>7</Order>
					<Fixed>False</Fixed>
				</Item>
				<Item>
					<Visible>True</Visible>
					<Width>100</Width>
					<Order>7</Order>
					<Fixed>False</Fixed>
				</Item>
				<Item>
					<Visible>True</Visible>
					<Width>160</Width>
					<Order>7</Order>
					<Fixed>False</Fixed>
				</Item>
				<Item>
					<Visible>True</Visible>
					<Width>100</Width>
					<Order>7</Order>
					<Fixed>False</Fixed>
				</Item>
			</Media>
			<MetaData>
				<Column>
					<fmtid>{DE632DE0-4253-4BAB-85C4-CA3BE18AA0F6}</fmtid>
					<pid>9</pid>
				</Column>
			</MetaData>
			<SanitizeWhenHidden>False</SanitizeWhenHidden>
		</Item>
		<Item>
			<Alignment>0</Alignment>
			<Media Type="TColumnInfoCollection">
				<Item>
					<Visible>False</Visible>
					<Width>100</Width>
					<Order>8</Order>
					<Fixed>False</Fixed>
				</Item>
				<Item>
					<Visible>False</Visible>
					<Width>100</Width>
					<Order>8</Order>
					<Fixed>False</Fixed>
				</Item>
				<Item>
					<Visible>False</Visible>
					<Width>12</Width>
					<Order>8</Order>
					<Fixed>False</Fixed>
				</Item>
				<Item>
					<Visible>False</Visible>
					<Width>100</Width>
					<Order>8</Order>
					<Fixed>False</Fixed>
				</Item>
				<Item>
					<Visible>False</Visible>
					<Width>100</Width>
					<Order>8</Order>
					<Fixed>False</Fixed>
				</Item>
				<Item>
					<Visible>False</Visible>
					<Width>12</Width>
					<Order>8</Order>
					<Fixed>False</Fixed>
				</Item>
				<Item>
					<Visible>False</Visible>
					<Width>100</Width>
					<Order>8</Order>
					<Fixed>False</Fixed>
				</Item>
				<Item>
					<Visible>False</Visible>
					<Width>100</Width>
					<Order>8</Order>
					<Fixed>False</Fixed>
				</Item>
				<Item>
					<Visible>False</Visible>
					<Width>160</Width>
					<Order>8</Order>
					<Fixed>False</Fixed>
				</Item>
				<Item>
					<Visible>False</Visible>
					<Width>100</Width>
					<Order>8</Order>
					<Fixed>False</Fixed>
				</Item>
			</Media>
			<MetaData>
				<Column>
					<fmtid>{DE632DE0-4253-4BAB-85C4-CA3BE18AA0F6}</fmtid>
					<pid>10</pid>
				</Column>
			</MetaData>
			<SanitizeWhenHidden>False</SanitizeWhenHidden>
		</Item>
		<Item>
			<Alignment>2</Alignment>
			<Media Type="TColumnInfoCollection">
				<Item>
					<Visible>False</Visible>
					<Width>60</Width>
					<Order>9</Order>
					<Fixed>False</Fixed>
				</Item>
				<Item>
					<Visible>False</Visible>
					<Width>60</Width>
					<Order>9</Order>
					<Fixed>False</Fixed>
				</Item>
				<Item>
					<Visible>False</Visible>
					<Width>7</Width>
					<Order>9</Order>
					<Fixed>False</Fixed>
				</Item>
				<Item>
					<Visible>False</Visible>
					<Width>60</Width>
					<Order>9</Order>
					<Fixed>False</Fixed>
				</Item>
				<Item>
					<Visible>False</Visible>
					<Width>60</Width>
					<Order>9</Order>
					<Fixed>False</Fixed>
				</Item>
				<Item>
					<Visible>False</Visible>
					<Width>7</Width>
					<Order>9</Order>
					<Fixed>False</Fixed>
				</Item>
				<Item>
					<Visible>False</Visible>
					<Width>60</Width>
					<Order>9</Order>
					<Fixed>False</Fixed>
				</Item>
				<Item>
					<Visible>False</Visible>
					<Width>60</Width>
					<Order>9</Order>
					<Fixed>False</Fixed>
				</Item>
				<Item>
					<Visible>False</Visible>
					<Width>96</Width>
					<Order>9</Order>
					<Fixed>False</Fixed>
				</Item>
				<Item>
					<Visible>False</Visible>
					<Width>60</Width>
					<Order>9</Order>
					<Fixed>False</Fixed>
				</Item>
			</Media>
			<MetaData>
				<Column>
					<fmtid>{DE632DE0-4253-4BAB-85C4-CA3BE18AA0F6}</fmtid>
					<pid>17</pid>
				</Column>
			</MetaData>
			<SanitizeWhenHidden>False</SanitizeWhenHidden>
		</Item>
		<Item>
			<Alignment>0</Alignment>
			<Media Type="TColumnInfoCollection">
				<Item>
					<Visible>False</Visible>
					<Width>125</Width>
					<Order>10</Order>
					<Fixed>False</Fixed>
				</Item>
				<Item>
					<Visible>False</Visible>
					<Width>125</Width>
					<Order>10</Order>
					<Fixed>False</Fixed>
				</Item>
				<Item>
					<Visible>False</Visible>
					<Width>15</Width>
					<Order>10</Order>
					<Fixed>False</Fixed>
				</Item>
				<Item>
					<Visible>False</Visible>
					<Width>125</Width>
					<Order>10</Order>
					<Fixed>False</Fixed>
				</Item>
				<Item>
					<Visible>False</Visible>
					<Width>125</Width>
					<Order>10</Order>
					<Fixed>False</Fixed>
				</Item>
				<Item>
					<Visible>False</Visible>
					<Width>15</Width>
					<Order>10</Order>
					<Fixed>False</Fixed>
				</Item>
				<Item>
					<Visible>False</Visible>
					<Width>125</Width>
					<Order>10</Order>
					<Fixed>False</Fixed>
				</Item>
				<Item>
					<Visible>False</Visible>
					<Width>125</Width>
					<Order>10</Order>
					<Fixed>False</Fixed>
				</Item>
				<Item>
					<Visible>False</Visible>
					<Width>200</Width>
					<Order>10</Order>
					<Fixed>False</Fixed>
				</Item>
				<Item>
					<Visible>False</Visible>
					<Width>125</Width>
					<Order>10</Order>
					<Fixed>False</Fixed>
				</Item>
			</Media>
			<MetaData>
				<Column>
					<fmtid>{DE632DE0-4253-4BAB-85C4-CA3BE18AA0F6}</fmtid>
					<pid>12</pid>
				</Column>
			</MetaData>
			<SanitizeWhenHidden>False</SanitizeWhenHidden>
		</Item>
		<Item>
			<Alignment>0</Alignment>
			<Media Type="TColumnInfoCollection">
				<Item>
					<Visible>False</Visible>
					<Width>500</Width>
					<Order>11</Order>
					<Fixed>False</Fixed>
				</Item>
				<Item>
					<Visible>False</Visible>
					<Width>500</Width>
					<Order>11</Order>
					<Fixed>False</Fixed>
				</Item>
				<Item>
					<Visible>False</Visible>
					<Width>62</Width>
					<Order>11</Order>
					<Fixed>False</Fixed>
				</Item>
				<Item>
					<Visible>False</Visible>
					<Width>500</Width>
					<Order>11</Order>
					<Fixed>False</Fixed>
				</Item>
				<Item>
					<Visible>False</Visible>
					<Width>500</Width>
					<Order>11</Order>
					<Fixed>False</Fixed>
				</Item>
				<Item>
					<Visible>False</Visible>
					<Width>62</Width>
					<Order>11</Order>
					<Fixed>False</Fixed>
				</Item>
				<Item>
					<Visible>False</Visible>
					<Width>500</Width>
					<Order>11</Order>
					<Fixed>False</Fixed>
				</Item>
				<Item>
					<Visible>False</Visible>
					<Width>500</Width>
					<Order>11</Order>
					<Fixed>False</Fixed>
				</Item>
				<Item>
					<Visible>False</Visible>
					<Width>800</Width>
					<Order>11</Order>
					<Fixed>False</Fixed>
				</Item>
				<Item>
					<Visible>False</Visible>
					<Width>500</Width>
					<Order>11</Order>
					<Fixed>False</Fixed>
				</Item>
			</Media>
			<MetaData>
				<Column>
					<fmtid>{DE632DE0-4253-4BAB-85C4-CA3BE18AA0F6}</fmtid>
					<pid>18</pid>
				</Column>
			</MetaData>
			<SanitizeWhenHidden>False</SanitizeWhenHidden>
		</Item>
		<Item>
			<Alignment>0</Alignment>
			<Media Type="TColumnInfoCollection">
				<Item>
					<Visible>False</Visible>
					<Width>70</Width>
					<Order>12</Order>
					<Fixed>False</Fixed>
				</Item>
				<Item>
					<Visible>False</Visible>
					<Width>70</Width>
					<Order>12</Order>
					<Fixed>False</Fixed>
				</Item>
				<Item>
					<Visible>False</Visible>
					<Width>8</Width>
					<Order>12</Order>
					<Fixed>False</Fixed>
				</Item>
				<Item>
					<Visible>False</Visible>
					<Width>70</Width>
					<Order>12</Order>
					<Fixed>False</Fixed>
				</Item>
				<Item>
					<Visible>False</Visible>
					<Width>70</Width>
					<Order>12</Order>
					<Fixed>False</Fixed>
				</Item>
				<Item>
					<Visible>False</Visible>
					<Width>8</Width>
					<Order>12</Order>
					<Fixed>False</Fixed>
				</Item>
				<Item>
					<Visible>True</Visible>
					<Width>70</Width>
					<Order>12</Order>
					<Fixed>False</Fixed>
				</Item>
				<Item>
					<Visible>False</Visible>
					<Width>70</Width>
					<Order>12</Order>
					<Fixed>False</Fixed>
				</Item>
				<Item>
					<Visible>False</Visible>
					<Width>112</Width>
					<Order>12</Order>
					<Fixed>False</Fixed>
				</Item>
				<Item>
					<Visible>False</Visible>
					<Width>70</Width>
					<Order>12</Order>
					<Fixed>False</Fixed>
				</Item>
			</Media>
			<MetaData>
				<Column>
					<fmtid>{DE632DE0-4253-4BAB-85C4-CA3BE18AA0F6}</fmtid>
					<pid>13</pid>
				</Column>
			</MetaData>
			<SanitizeWhenHidden>False</SanitizeWhenHidden>
		</Item>
		<Item>
			<Alignment>0</Alignment>
			<Media Type="TColumnInfoCollection">
				<Item>
					<Visible>False</Visible>
					<Width>140</Width>
					<Order>13</Order>
					<Fixed>False</Fixed>
				</Item>
				<Item>
					<Visible>False</Visible>
					<Width>140</Width>
					<Order>13</Order>
					<Fixed>False</Fixed>
				</Item>
				<Item>
					<Visible>False</Visible>
					<Width>17</Width>
					<Order>13</Order>
					<Fixed>False</Fixed>
				</Item>
				<Item>
					<Visible>False</Visible>
					<Width>140</Width>
					<Order>13</Order>
					<Fixed>False</Fixed>
				</Item>
				<Item>
					<Visible>False</Visible>
					<Width>140</Width>
					<Order>13</Order>
					<Fixed>False</Fixed>
				</Item>
				<Item>
					<Visible>False</Visible>
					<Width>17</Width>
					<Order>13</Order>
					<Fixed>False</Fixed>
				</Item>
				<Item>
					<Visible>False</Visible>
					<Width>140</Width>
					<Order>13</Order>
					<Fixed>False</Fixed>
				</Item>
				<Item>
					<Visible>False</Visible>
					<Width>140</Width>
					<Order>13</Order>
					<Fixed>False</Fixed>
				</Item>
				<Item>
					<Visible>False</Visible>
					<Width>224</Width>
					<Order>13</Order>
					<Fixed>False</Fixed>
				</Item>
				<Item>
					<Visible>False</Visible>
					<Width>140</Width>
					<Order>13</Order>
					<Fixed>False</Fixed>
				</Item>
			</Media>
			<MetaData>
				<Column>
					<fmtid>{DE632DE0-4253-4BAB-85C4-CA3BE18AA0F6}</fmtid>
					<pid>14</pid>
				</Column>
			</MetaData>
			<SanitizeWhenHidden>False</SanitizeWhenHidden>
		</Item>
		<Item>
			<Alignment>1</Alignment>
			<Media Type="TColumnInfoCollection">
				<Item>
					<Visible>False</Visible>
					<Width>55</Width>
					<Order>14</Order>
					<Fixed>False</Fixed>
				</Item>
				<Item>
					<Visible>False</Visible>
					<Width>55</Width>
					<Order>14</Order>
					<Fixed>False</Fixed>
				</Item>
				<Item>
					<Visible>False</Visible>
					<Width>6</Width>
					<Order>14</Order>
					<Fixed>False</Fixed>
				</Item>
				<Item>
					<Visible>False</Visible>
					<Width>55</Width>
					<Order>14</Order>
					<Fixed>False</Fixed>
				</Item>
				<Item>
					<Visible>False</Visible>
					<Width>55</Width>
					<Order>14</Order>
					<Fixed>False</Fixed>
				</Item>
				<Item>
					<Visible>False</Visible>
					<Width>6</Width>
					<Order>14</Order>
					<Fixed>False</Fixed>
				</Item>
				<Item>
					<Visible>False</Visible>
					<Width>55</Width>
					<Order>14</Order>
					<Fixed>False</Fixed>
				</Item>
				<Item>
					<Visible>False</Visible>
					<Width>55</Width>
					<Order>14</Order>
					<Fixed>False</Fixed>
				</Item>
				<Item>
					<Visible>False</Visible>
					<Width>88</Width>
					<Order>14</Order>
					<Fixed>False</Fixed>
				</Item>
				<Item>
					<Visible>False</Visible>
					<Width>55</Width>
					<Order>14</Order>
					<Fixed>False</Fixed>
				</Item>
			</Media>
			<MetaData>
				<Column>
					<fmtid>{DE632DE0-4253-4BAB-85C4-CA3BE18AA0F6}</fmtid>
					<pid>19</pid>
				</Column>
			</MetaData>
			<SanitizeWhenHidden>False</SanitizeWhenHidden>
		</Item>
		<Item>
			<Alignment>0</Alignment>
			<Media Type="TColumnInfoCollection">
				<Item>
					<Visible>False</Visible>
					<Width>100</Width>
					<Order>15</Order>
					<Fixed>False</Fixed>
				</Item>
				<Item>
					<Visible>False</Visible>
					<Width>100</Width>
					<Order>15</Order>
					<Fixed>False</Fixed>
				</Item>
				<Item>
					<Visible>False</Visible>
					<Width>12</Width>
					<Order>15</Order>
					<Fixed>False</Fixed>
				</Item>
				<Item>
					<Visible>False</Visible>
					<Width>100</Width>
					<Order>15</Order>
					<Fixed>False</Fixed>
				</Item>
				<Item>
					<Visible>False</Visible>
					<Width>100</Width>
					<Order>15</Order>
					<Fixed>False</Fixed>
				</Item>
				<Item>
					<Visible>False</Visible>
					<Width>12</Width>
					<Order>15</Order>
					<Fixed>False</Fixed>
				</Item>
				<Item>
					<Visible>True</Visible>
					<Width>100</Width>
					<Order>15</Order>
					<Fixed>False</Fixed>
				</Item>
				<Item>
					<Visible>False</Visible>
					<Width>100</Width>
					<Order>15</Order>
					<Fixed>False</Fixed>
				</Item>
				<Item>
					<Visible>False</Visible>
					<Width>160</Width>
					<Order>15</Order>
					<Fixed>False</Fixed>
				</Item>
				<Item>
					<Visible>False</Visible>
					<Width>100</Width>
					<Order>15</Order>
					<Fixed>False</Fixed>
				</Item>
			</Media>
			<MetaData>
				<Column>
					<fmtid>{DE632DE0-4253-4BAB-85C4-CA3BE18AA0F6}</fmtid>
					<pid>11</pid>
				</Column>
			</MetaData>
			<SanitizeWhenHidden>False</SanitizeWhenHidden>
		</Item>
		<Item>
			<Alignment>0</Alignment>
			<Media Type="TColumnInfoCollection">
				<Item>
					<Visible>False</Visible>
					<Width>280</Width>
					<Order>16</Order>
					<Fixed>False</Fixed>
				</Item>
				<Item>
					<Visible>False</Visible>
					<Width>280</Width>
					<Order>16</Order>
					<Fixed>False</Fixed>
				</Item>
				<Item>
					<Visible>False</Visible>
					<Width>35</Width>
					<Order>16</Order>
					<Fixed>False</Fixed>
				</Item>
				<Item>
					<Visible>False</Visible>
					<Width>280</Width>
					<Order>16</Order>
					<Fixed>False</Fixed>
				</Item>
				<Item>
					<Visible>False</Visible>
					<Width>280</Width>
					<Order>16</Order>
					<Fixed>False</Fixed>
				</Item>
				<Item>
					<Visible>False</Visible>
					<Width>35</Width>
					<Order>16</Order>
					<Fixed>False</Fixed>
				</Item>
				<Item>
					<Visible>False</Visible>
					<Width>280</Width>
					<Order>16</Order>
					<Fixed>False</Fixed>
				</Item>
				<Item>
					<Visible>False</Visible>
					<Width>280</Width>
					<Order>16</Order>
					<Fixed>False</Fixed>
				</Item>
				<Item>
					<Visible>False</Visible>
					<Width>448</Width>
					<Order>16</Order>
					<Fixed>False</Fixed>
				</Item>
				<Item>
					<Visible>False</Visible>
					<Width>280</Width>
					<Order>16</Order>
					<Fixed>False</Fixed>
				</Item>
			</Media>
			<MetaData>
				<Column>
					<fmtid>{DE632DE0-4253-4BAB-85C4-CA3BE18AA0F6}</fmtid>
					<pid>16</pid>
				</Column>
			</MetaData>
			<SanitizeWhenHidden>False</SanitizeWhenHidden>
		</Item>
		<Item>
			<Alignment>1</Alignment>
			<Media Type="TColumnInfoCollection">
				<Item>
					<Visible>False</Visible>
					<Width>85</Width>
					<Order>17</Order>
					<Fixed>False</Fixed>
				</Item>
				<Item>
					<Visible>False</Visible>
					<Width>85</Width>
					<Order>17</Order>
					<Fixed>False</Fixed>
				</Item>
				<Item>
					<Visible>False</Visible>
					<Width>10</Width>
					<Order>17</Order>
					<Fixed>False</Fixed>
				</Item>
				<Item>
					<Visible>False</Visible>
					<Width>85</Width>
					<Order>17</Order>
					<Fixed>False</Fixed>
				</Item>
				<Item>
					<Visible>False</Visible>
					<Width>85</Width>
					<Order>17</Order>
					<Fixed>False</Fixed>
				</Item>
				<Item>
					<Visible>False</Visible>
					<Width>10</Width>
					<Order>17</Order>
					<Fixed>False</Fixed>
				</Item>
				<Item>
					<Visible>False</Visible>
					<Width>85</Width>
					<Order>17</Order>
					<Fixed>False</Fixed>
				</Item>
				<Item>
					<Visible>False</Visible>
					<Width>85</Width>
					<Order>17</Order>
					<Fixed>False</Fixed>
				</Item>
				<Item>
					<Visible>False</Visible>
					<Width>136</Width>
					<Order>17</Order>
					<Fixed>False</Fixed>
				</Item>
				<Item>
					<Visible>False</Visible>
					<Width>85</Width>
					<Order>17</Order>
					<Fixed>False</Fixed>
				</Item>
			</Media>
			<MetaData>
				<Column>
					<fmtid>{DE632DE0-4253-4BAB-85C4-CA3BE18AA0F6}</fmtid>
					<pid>20</pid>
				</Column>
			</MetaData>
			<SanitizeWhenHidden>False</SanitizeWhenHidden>
		</Item>
		<Item>
			<Alignment>1</Alignment>
			<Media Type="TColumnInfoCollection">
				<Item>
					<Visible>False</Visible>
					<Width>85</Width>
					<Order>18</Order>
					<Fixed>False</Fixed>
				</Item>
				<Item>
					<Visible>False</Visible>
					<Width>85</Width>
					<Order>18</Order>
					<Fixed>False</Fixed>
				</Item>
				<Item>
					<Visible>False</Visible>
					<Width>10</Width>
					<Order>18</Order>
					<Fixed>False</Fixed>
				</Item>
				<Item>
					<Visible>False</Visible>
					<Width>85</Width>
					<Order>18</Order>
					<Fixed>False</Fixed>
				</Item>
				<Item>
					<Visible>False</Visible>
					<Width>85</Width>
					<Order>18</Order>
					<Fixed>False</Fixed>
				</Item>
				<Item>
					<Visible>False</Visible>
					<Width>10</Width>
					<Order>18</Order>
					<Fixed>False</Fixed>
				</Item>
				<Item>
					<Visible>True</Visible>
					<Width>85</Width>
					<Order>18</Order>
					<Fixed>False</Fixed>
				</Item>
				<Item>
					<Visible>False</Visible>
					<Width>85</Width>
					<Order>18</Order>
					<Fixed>False</Fixed>
				</Item>
				<Item>
					<Visible>False</Visible>
					<Width>136</Width>
					<Order>18</Order>
					<Fixed>False</Fixed>
				</Item>
				<Item>
					<Visible>False</Visible>
					<Width>85</Width>
					<Order>18</Order>
					<Fixed>False</Fixed>
				</Item>
			</Media>
			<MetaData>
				<Column>
					<fmtid>{DE632DE0-4253-4BAB-85C4-CA3BE18AA0F6}</fmtid>
					<pid>6</pid>
				</Column>
			</MetaData>
			<SanitizeWhenHidden>False</SanitizeWhenHidden>
		</Item>
		<Item>
			<Alignment>0</Alignment>
			<Media Type="TColumnInfoCollection">
				<Item>
					<Visible>False</Visible>
					<Width>115</Width>
					<Order>19</Order>
					<Fixed>False</Fixed>
				</Item>
				<Item>
					<Visible>False</Visible>
					<Width>115</Width>
					<Order>19</Order>
					<Fixed>False</Fixed>
				</Item>
				<Item>
					<Visible>False</Visible>
					<Width>14</Width>
					<Order>19</Order>
					<Fixed>False</Fixed>
				</Item>
				<Item>
					<Visible>False</Visible>
					<Width>115</Width>
					<Order>19</Order>
					<Fixed>False</Fixed>
				</Item>
				<Item>
					<Visible>False</Visible>
					<Width>115</Width>
					<Order>19</Order>
					<Fixed>False</Fixed>
				</Item>
				<Item>
					<Visible>False</Visible>
					<Width>14</Width>
					<Order>19</Order>
					<Fixed>False</Fixed>
				</Item>
				<Item>
					<Visible>False</Visible>
					<Width>115</Width>
					<Order>19</Order>
					<Fixed>False</Fixed>
				</Item>
				<Item>
					<Visible>False</Visible>
					<Width>115</Width>
					<Order>19</Order>
					<Fixed>False</Fixed>
				</Item>
				<Item>
					<Visible>False</Visible>
					<Width>184</Width>
					<Order>19</Order>
					<Fixed>False</Fixed>
				</Item>
				<Item>
					<Visible>False</Visible>
					<Width>115</Width>
					<Order>19</Order>
					<Fixed>False</Fixed>
				</Item>
			</Media>
			<MetaData>
				<Column>
					<fmtid>{DE632DE0-4253-4BAB-85C4-CA3BE18AA0F6}</fmtid>
					<pid>21</pid>
				</Column>
			</MetaData>
			<SanitizeWhenHidden>False</SanitizeWhenHidden>
		</Item>
		<Item>
			<Alignment>0</Alignment>
			<Media Type="TColumnInfoCollection">
				<Item>
					<Visible>False</Visible>
					<Width>180</Width>
					<Order>20</Order>
					<Fixed>False</Fixed>
				</Item>
				<Item>
					<Visible>False</Visible>
					<Width>180</Width>
					<Order>20</Order>
					<Fixed>False</Fixed>
				</Item>
				<Item>
					<Visible>False</Visible>
					<Width>22</Width>
					<Order>20</Order>
					<Fixed>False</Fixed>
				</Item>
				<Item>
					<Visible>False</Visible>
					<Width>180</Width>
					<Order>20</Order>
					<Fixed>False</Fixed>
				</Item>
				<Item>
					<Visible>False</Visible>
					<Width>180</Width>
					<Order>20</Order>
					<Fixed>False</Fixed>
				</Item>
				<Item>
					<Visible>False</Visible>
					<Width>22</Width>
					<Order>20</Order>
					<Fixed>False</Fixed>
				</Item>
				<Item>
					<Visible>False</Visible>
					<Width>180</Width>
					<Order>20</Order>
					<Fixed>False</Fixed>
				</Item>
				<Item>
					<Visible>False</Visible>
					<Width>180</Width>
					<Order>20</Order>
					<Fixed>False</Fixed>
				</Item>
				<Item>
					<Visible>False</Visible>
					<Width>288</Width>
					<Order>20</Order>
					<Fixed>False</Fixed>
				</Item>
				<Item>
					<Visible>False</Visible>
					<Width>180</Width>
					<Order>20</Order>
					<Fixed>False</Fixed>
				</Item>
			</Media>
			<MetaData>
				<Column>
					<fmtid>{DE632DE0-4253-4BAB-85C4-CA3BE18AA0F6}</fmtid>
					<pid>31</pid>
				</Column>
			</MetaData>
			<SanitizeWhenHidden>False</SanitizeWhenHidden>
		</Item>
		<Item>
			<Alignment>0</Alignment>
			<Media Type="TColumnInfoCollection">
				<Item>
					<Visible>False</Visible>
					<Width>100</Width>
					<Order>21</Order>
					<Fixed>False</Fixed>
				</Item>
				<Item>
					<Visible>False</Visible>
					<Width>100</Width>
					<Order>21</Order>
					<Fixed>False</Fixed>
				</Item>
				<Item>
					<Visible>False</Visible>
					<Width>12</Width>
					<Order>21</Order>
					<Fixed>False</Fixed>
				</Item>
				<Item>
					<Visible>False</Visible>
					<Width>100</Width>
					<Order>21</Order>
					<Fixed>False</Fixed>
				</Item>
				<Item>
					<Visible>False</Visible>
					<Width>100</Width>
					<Order>21</Order>
					<Fixed>False</Fixed>
				</Item>
				<Item>
					<Visible>False</Visible>
					<Width>12</Width>
					<Order>21</Order>
					<Fixed>False</Fixed>
				</Item>
				<Item>
					<Visible>False</Visible>
					<Width>100</Width>
					<Order>21</Order>
					<Fixed>False</Fixed>
				</Item>
				<Item>
					<Visible>False</Visible>
					<Width>100</Width>
					<Order>21</Order>
					<Fixed>False</Fixed>
				</Item>
				<Item>
					<Visible>False</Visible>
					<Width>160</Width>
					<Order>21</Order>
					<Fixed>False</Fixed>
				</Item>
				<Item>
					<Visible>False</Visible>
					<Width>100</Width>
					<Order>21</Order>
					<Fixed>False</Fixed>
				</Item>
			</Media>
			<MetaData>
				<Column>
					<fmtid>{DE632DE0-4253-4BAB-85C4-CA3BE18AA0F6}</fmtid>
					<pid>32</pid>
				</Column>
			</MetaData>
			<SanitizeWhenHidden>False</SanitizeWhenHidden>
		</Item>
		<Item>
			<Alignment>1</Alignment>
			<Media Type="TColumnInfoCollection">
				<Item>
					<Visible>False</Visible>
					<Width>100</Width>
					<Order>22</Order>
					<Fixed>False</Fixed>
				</Item>
				<Item>
					<Visible>False</Visible>
					<Width>100</Width>
					<Order>22</Order>
					<Fixed>False</Fixed>
				</Item>
				<Item>
					<Visible>False</Visible>
					<Width>12</Width>
					<Order>22</Order>
					<Fixed>False</Fixed>
				</Item>
				<Item>
					<Visible>False</Visible>
					<Width>100</Width>
					<Order>22</Order>
					<Fixed>False</Fixed>
				</Item>
				<Item>
					<Visible>False</Visible>
					<Width>100</Width>
					<Order>22</Order>
					<Fixed>False</Fixed>
				</Item>
				<Item>
					<Visible>False</Visible>
					<Width>12</Width>
					<Order>22</Order>
					<Fixed>False</Fixed>
				</Item>
				<Item>
					<Visible>False</Visible>
					<Width>100</Width>
					<Order>22</Order>
					<Fixed>False</Fixed>
				</Item>
				<Item>
					<Visible>False</Visible>
					<Width>100</Width>
					<Order>22</Order>
					<Fixed>False</Fixed>
				</Item>
				<Item>
					<Visible>False</Visible>
					<Width>160</Width>
					<Order>22</Order>
					<Fixed>False</Fixed>
				</Item>
				<Item>
					<Visible>False</Visible>
					<Width>100</Width>
					<Order>22</Order>
					<Fixed>False</Fixed>
				</Item>
			</Media>
			<MetaData>
				<Column>
					<fmtid>{DE632DE0-4253-4BAB-85C4-CA3BE18AA0F6}</fmtid>
					<pid>37</pid>
				</Column>
			</MetaData>
			<SanitizeWhenHidden>False</SanitizeWhenHidden>
		</Item>
		<Item>
			<Alignment>0</Alignment>
			<Media Type="TColumnInfoCollection">
				<Item>
					<Visible>False</Visible>
					<Width>150</Width>
					<Order>23</Order>
					<Fixed>False</Fixed>
				</Item>
				<Item>
					<Visible>False</Visible>
					<Width>150</Width>
					<Order>23</Order>
					<Fixed>False</Fixed>
				</Item>
				<Item>
					<Visible>False</Visible>
					<Width>18</Width>
					<Order>23</Order>
					<Fixed>False</Fixed>
				</Item>
				<Item>
					<Visible>False</Visible>
					<Width>150</Width>
					<Order>23</Order>
					<Fixed>False</Fixed>
				</Item>
				<Item>
					<Visible>False</Visible>
					<Width>150</Width>
					<Order>23</Order>
					<Fixed>False</Fixed>
				</Item>
				<Item>
					<Visible>False</Visible>
					<Width>18</Width>
					<Order>23</Order>
					<Fixed>False</Fixed>
				</Item>
				<Item>
					<Visible>False</Visible>
					<Width>150</Width>
					<Order>23</Order>
					<Fixed>False</Fixed>
				</Item>
				<Item>
					<Visible>False</Visible>
					<Width>150</Width>
					<Order>23</Order>
					<Fixed>False</Fixed>
				</Item>
				<Item>
					<Visible>False</Visible>
					<Width>240</Width>
					<Order>23</Order>
					<Fixed>False</Fixed>
				</Item>
				<Item>
					<Visible>False</Visible>
					<Width>150</Width>
					<Order>23</Order>
					<Fixed>False</Fixed>
				</Item>
			</Media>
			<MetaData>
				<Column>
					<fmtid>{DE632DE0-4253-4BAB-85C4-CA3BE18AA0F6}</fmtid>
					<pid>48</pid>
				</Column>
			</MetaData>
			<SanitizeWhenHidden>False</SanitizeWhenHidden>
		</Item>
		<SortOptions>
			<cmScreen>
				<SortDirection>1</SortDirection>
				<SortColumnGUID>{DE632DE0-4253-4BAB-85C4-CA3BE18AA0F6}</SortColumnGUID>
				<SortColumnID>3</SortColumnID>
				<SortNoSorting>False</SortNoSorting>
			</cmScreen>
			<cmExcel>
				<SortDirection>0</SortDirection>
				<SortColumnGUID>{00000000-0000-0000-0000-000000000000}</SortColumnGUID>
				<SortColumnID>0</SortColumnID>
				<SortNoSorting>False</SortNoSorting>
			</cmExcel>
			<cmText>
				<SortDirection>0</SortDirection>
				<SortColumnGUID>{00000000-0000-0000-0000-000000000000}</SortColumnGUID>
				<SortColumnID>0</SortColumnID>
				<SortNoSorting>False</SortNoSorting>
			</cmText>
			<cmPrinter>
				<SortDirection>0</SortDirection>
				<SortColumnGUID>{00000000-0000-0000-0000-000000000000}</SortColumnGUID>
				<SortColumnID>0</SortColumnID>
				<SortNoSorting>False</SortNoSorting>
			</cmPrinter>
			<cmHTML>
				<SortDirection>0</SortDirection>
				<SortColumnGUID>{00000000-0000-0000-0000-000000000000}</SortColumnGUID>
				<SortColumnID>0</SortColumnID>
				<SortNoSorting>False</SortNoSorting>
			</cmHTML>
			<cmCSV>
				<SortDirection>0</SortDirection>
				<SortColumnGUID>{00000000-0000-0000-0000-000000000000}</SortColumnGUID>
				<SortColumnID>0</SortColumnID>
				<SortNoSorting>False</SortNoSorting>
			</cmCSV>
			<cmXML>
				<SortDirection>0</SortDirection>
				<SortColumnGUID>{00000000-0000-0000-0000-000000000000}</SortColumnGUID>
				<SortColumnID>0</SortColumnID>
				<SortNoSorting>False</SortNoSorting>
			</cmXML>
			<cmMail>
				<SortDirection>0</SortDirection>
				<SortColumnGUID>{00000000-0000-0000-0000-000000000000}</SortColumnGUID>
				<SortColumnID>0</SortColumnID>
				<SortNoSorting>False</SortNoSorting>
			</cmMail>
			<cmTouchUI>
				<SortDirection>0</SortDirection>
				<SortColumnGUID>{00000000-0000-0000-0000-000000000000}</SortColumnGUID>
				<SortColumnID>0</SortColumnID>
				<SortNoSorting>False</SortNoSorting>
			</cmTouchUI>
			<cmPDF>
				<SortDirection>0</SortDirection>
				<SortColumnGUID>{00000000-0000-0000-0000-000000000000}</SortColumnGUID>
				<SortColumnID>0</SortColumnID>
				<SortNoSorting>False</SortNoSorting>
			</cmPDF>
		</SortOptions>
	</Columns>
	<ListPresenterColumns Type="TPresenterColumnsDictionary"></ListPresenterColumns>
	<FilesInTree>True</FilesInTree>
	<ExpandFilesItems>False</ExpandFilesItems>
	<FolderDateBasedOnFilesOnly>False</FolderDateBasedOnFilesOnly>
	<ShowPrecedingValuesInNameColumn>True</ShowPrecedingValuesInNameColumn>
	<UseSimpleMailBody>False</UseSimpleMailBody>
	<RandomID>432649</RandomID>
	<TouchMode>0</TouchMode>
	<DefaultScreenMediaType>0</DefaultScreenMediaType>
	<ShowDetailsColumnsInTree>True</ShowDetailsColumnsInTree>
	<OptionsDoNotAskAgainSelection>0</OptionsDoNotAskAgainSelection>
	<BoldFactor>15</BoldFactor>
	<BoldFactorType>0</BoldFactorType>
	<ColorForCompressed>False</ColorForCompressed>
	<MaximumThreads>2</MaximumThreads>
	<UseLegacyEnumerator>False</UseLegacyEnumerator>
	<ShowInidcatorBarsInTree>True</ShowInidcatorBarsInTree>
	<IndicatorBarColor1>13432063</IndicatorBarColor1>
	<IndicatorBarColor2>52479</IndicatorBarColor2>
	<ViewType>2</ViewType>
	<RecentlyScannedPaths Type="TRecentlyUsedStrings">
		<Item>
			<Path>C:\</Path>
			<TimeStamp>45175.3775183681</TimeStamp>
		</Item>
	</RecentlyScannedPaths>
	<MRUMaximum>16</MRUMaximum>
	<GroupExtensionsByFileType>True</GroupExtensionsByFileType>
	<ShowErrors>False</ShowErrors>
	<GridLinesInDirectoryTree>False</GridLinesInDirectoryTree>
	<ShowLongScanHint>True</ShowLongScanHint>
	<PersistedExpression Type="TContainerExpression">
		<Item Type="TExpressionAnd"></Item>
	</PersistedExpression>
	<AlwaysStartAsAdministrator>True</AlwaysStartAsAdministrator>
	<AskForRestartAsAdministrator>True</AskForRestartAsAdministrator>
	<RecentlyUsedFilePaths Type="TRecentlyUsedPaths"></RecentlyUsedFilePaths>
	<OrientationLandscape>False</OrientationLandscape>
	<LastListExportType>23</LastListExportType>
	<LastReportType>23</LastReportType>
	<ChartColor Type="TJamColorList">
		<Item>15764545</Item>
		<Item>4306172</Item>
		<Item>671968</Item>
		<Item>9593861</Item>
		<Item>6896410</Item>
		<Item>8578047</Item>
		<Item>14523410</Item>
		<Item>4942794</Item>
		<Item>14375936</Item>
		<Item>8966899</Item>
		<Item>8479568</Item>
		<Item>11057649</Item>
		<Item>689120</Item>
		<Item>12489592</Item>
		<Item>2306051</Item>
		<Item>755384</Item>
		<Item>16576</Item>
		<Item>2330219</Item>
		<Item>4163021</Item>
		<Item>49344</Item>
		<Item>2263842</Item>
		<Item>1993170</Item>
		<Item>32896</Item>
		<Item>11186720</Item>
		<Item>6333684</Item>
		<Item>49152</Item>
		<Item>9157775</Item>
		<Item>2237106</Item>
		<Item>342660</Item>
		<Item>192</Item>
	</ChartColor>
	<UniChartColor>15764545</UniChartColor>
	<ChartFreeSpaceColor>12583104</ChartFreeSpaceColor>
	<ChartOtherSliceColor>12632256</ChartOtherSliceColor>
	<DefaultExcelExportFileW></DefaultExcelExportFileW>
	<HistoryShowTypes>3</HistoryShowTypes>
	<CustomSliceColors Type="TCustomColorDictionary"></CustomSliceColors>
	<EnableDragDrop>True</EnableDragDrop>
	<DetermineIconsOnFileExt>True</DetermineIconsOnFileExt>
	<EnableNotifications>True</EnableNotifications>
	<TooltipStyle>1</TooltipStyle>
	<HideEmptyFolders>False</HideEmptyFolders>
	<SingleThreadedFileOperations>False</SingleThreadedFileOperations>
	<ChartShowLabels>True</ChartShowLabels>
	<WrapOverviewPanel>False</WrapOverviewPanel>
	<RenamingRules></RenamingRules>
	<UIStyle>0</UIStyle>
	<ShowFirstRunWizard>True</ShowFirstRunWizard>
	<UseRibbonUI>True</UseRibbonUI>
	<ExportFontSize>32</ExportFontSize>
	<PrefetchFiles>False</PrefetchFiles>
	<ShowDrivesPanel>True</ShowDrivesPanel>
	<DateTimeFormat>0</DateTimeFormat>
	<SizeUnit>5</SizeUnit>
	<Decimals>1</Decimals>
	<AclStringFormat>0</AclStringFormat>
	<TreemapEnableDragDrop>False</TreemapEnableDragDrop>
	<NextCouponCodeDate>0</NextCouponCodeDate>
	<ShowGridLines>False</ShowGridLines>
	<PDFEmbedFonts>False</PDFEmbedFonts>
	<ThemedContextMenus>True</ThemedContextMenus>
	<SSHTimeOut>60000</SSHTimeOut>
	<IncludeColumnHeaderWhenResizing>False</IncludeColumnHeaderWhenResizing>
	<DoNotAskAgainList Type="TSerializableStringIntDictionary"></DoNotAskAgainList>
	<MessageLevel>0</MessageLevel>
	<ThreadPriority>2</ThreadPriority>
	<ShowCheckForUpdate>True</ShowCheckForUpdate>
	<HideLicenseActions>False</HideLicenseActions>
	<LastShownTrialIntervalID>0</LastShownTrialIntervalID>
	<ShowMaintenanceEndDialogs>True</ShowMaintenanceEndDialogs>
	<SuppressMaintenanceInformationUpdates>False</SuppressMaintenanceInformationUpdates>
	<Language>zh-hans</Language>
	<Tag>0</Tag>
	<TToggleControlAction.ClassicUIToggleTreemapAction.Width>550</TToggleControlAction.ClassicUIToggleTreemapAction.Width>
	<TreemapPanel.Align>4</TreemapPanel.Align>
	<TToggleControlAction.ClassicUIToggleTreemapAction.Top>1</TToggleControlAction.ClassicUIToggleTreemapAction.Top>
	<DirectoryTree.TVTHeaderEx.SortDirection>1</DirectoryTree.TVTHeaderEx.SortDirection>
	<TToggleControlAction.ClassicUIToggleTreemapAction.Visible>False</TToggleControlAction.ClassicUIToggleTreemapAction.Visible>
	<TToggleControlAction.ClassicUIToggleTreemapAction.Left>1367</TToggleControlAction.ClassicUIToggleTreemapAction.Left>
	<TToggleControlAction.ClassicUIToggleTreemapAction.Height>957</TToggleControlAction.ClassicUIToggleTreemapAction.Height>
	<TMainFormWindowPlacement.length>44</TMainFormWindowPlacement.length>
	<TMainFormWindowPlacement.flags>0</TMainFormWindowPlacement.flags>
	<TMainFormWindowPlacement.showCmd>1</TMainFormWindowPlacement.showCmd>
	<TMainFormWindowPlacement.ptMinPosition>
		<X>-1</X>
		<Y>-1</Y>
	</TMainFormWindowPlacement.ptMinPosition>
	<TMainFormWindowPlacement.ptMaxPosition>
		<X>-1</X>
		<Y>-1</Y>
	</TMainFormWindowPlacement.ptMaxPosition>
	<TMainFormWindowPlacement.rcNormalPosition>
		<Left>304</Left>
		<Top>96</Top>
		<Right>1204</Right>
		<Bottom>905</Bottom>
	</TMainFormWindowPlacement.rcNormalPosition>
</GlobalOptions>
